α,α_dump,p,p_dump,proved,proved_estimate,proved_rounded,n₀,n₀_dump,n₀_rounded,δ₀,δ₀_dump,δ₀_rounded,D₀_estimate,D₀_estimate_dump,D₀,D₀_dump,D₀_rounded,n₀_time,δ₀_time,D₀_estimate_time,D₀_time,u0_N0,u0_N1,u0_time,prec
[-0.94999 +/- 4.01e-6],-f332c1f43b612fef9db22d0e5 -64 192a7373 -31,[0.974996625007124583905948611572 +/- 4.25e-31],7cccb07d0ed84bfbe76c8b439 -63 0 0,true,true,true,[0.999 +/- 2.40e-4],7fe3b097 -1f 1b1df801 -2a,0.999239484779765,[+/- 5.31e-4],22c70ac5 -29 22c70ac5 -29,0.000530662659912196,[0.92 +/- 1.94e-3],3aebb6c1 -1e 2a69480d -27,[0.953945274639409035444259643555 +/- 3.13e-31],3d0d707b3 -22 0 0,0.953945274639409,0.15550326,5.603095697,0.871419586,7.847726183,30,8,0.265328652,100
[-0.94999 +/- 2.51e-6],-f332a8c9c7eeafef9db22d0e5 -64 192a7373 -31,[0.974995875007122036581819202183 +/- 1.47e-31],7cccaa3271fbabfbe76c8b439 -63 0 0,true,true,true,[0.999 +/- 2.88e-4],7fe5421f -1f 1b205801 -2a,0.999287386425067,[+/- 6.32e-4],296389e5 -29 296389e5 -29,0.000631543317467731,[0.92 +/- 2.01e-3],75d640a5 -1f 2df40d0d -27,[0.949756845191586762666702270508 +/- 1.88e-31],3cc8d0ef5 -22 0 0,0.949756845191587,0.473516,7.033800471,0.973356297,7.547553706,42,8,0.221311277,100
[-0.94995 +/- 5.01e-6],-f33033a481d0993404ea4a8c1 -64 192a7373 -31,[0.974977125007087505625946732834 +/- 3.86e-32],7ccc0ce92074264d013a92a3 -5f 0 0,true,true,true,[0.999 +/- 2.53e-4],7fe41df1 -1f 1b13b801 -2a,0.999252367764939,[+/- 5.05e-4],1085abb9 -28 1085abb9 -28,0.000504216050103424,[0.92 +/- 1.91e-3],3aeb4ff9 -1e 2a5a700d -27,[0.955107264628168195486068725586 +/- 6.25e-32],3d207a387 -22 0 0,0.955107264628169,0.135570791,5.370915336,0.826387336,7.295012282,32,8,0.202102873,100
[-0.94995 +/- 3.51e-6],-f3301a7a0e5e193404ea4a8c1 -64 192a7373 -31,[0.974976375007084958301817323444 +/- 4.69e-31],7ccc069e8397864d013a92a3 -5f 0 0,true,true,true,[0.999 +/- 1.77e-4],1ff86929 -1d 1b132001 -2a,0.99917686358117,[+/- 7.40e-4],ef2f2715a84a1bfe1a22277af -6f 4a4d4b -22,0.000739646990684535,[0.92 +/- 1.99e-3],3aec352f -1e 2b46280d -27,[0.945629472291329875588417053223 +/- 3.44e-31],790a62f4d -23 0 0,0.94562947229133,0.202616165,7.782099698,0.81355134,8.9875033,35,8,0.219580857,100
[-0.94991 +/- 4.50e-6],-f32d0e561394cbfe5c91d14e3 -64 192a7373 -31,[0.974953125007041870819790574387 +/- 3.88e-31],f996872b09ca65ff2e48e8a71 -64 0 0,true,true,true,[0.999 +/- 1.86e-4],ffc3e47 -1c 1b068001 -2a,0.999185923487176,[+/- 6.08e-4],a38dc1b54e8137a95c6ed01cf -6f 135789bf -28,0.000607088664458691,[0.92 +/- 1.95e-3],1d75e7ff -1d 2abfe60d -27,[0.950741708540590479969978332520 +/- 4.69e-31],79b1e7809 -23 0 0,0.950741708540591,0.144273823,6.003293458,0.965241011,7.317762534,32,8,0.39166902,100
[-0.94990 +/- 5.51e-6],-f32cf52ba0224bfe5c91d14e3 -64 192a7373 -31,[0.974952375007039323495661164997 +/- 4.23e-32],f9967a95d01125ff2e48e8a71 -64 0 0,true,true,true,[0.999 +/- 2.58e-4],7fe44a75 -1f 1b06c801 -2a,0.999257481657196,[+/- 5.30e-4],8aedb03 -27 8aedb03 -27,0.00052997005332145,[0.92 +/- 1.89e-3],75d5e34b -1f 2a57610d -27,[0.953974924690555781126022338867 +/- 1.88e-31],3d0decd7b -22 0 0,0.953974924690556,0.124546132,5.220789271,0.803409043,7.005675174,30,8,0.149435372,100
[-0.94956 +/- 5.50e-6],-f3160d888d7f7f65fd8adab9f -64 192a7373 -31,[0.974777625006708166299773665741 +/- 1.42e-31],f98b06c446bfbfb2fec56d5cf -64 0 0,true,true,true,[0.999 +/- 2.06e-4],7fe2a3b3 -1f 1aaab801 -2a,0.999205713160564,[+/- 8.93e-4],5140a94ba38d59f8dfbd9a0af -6d 23b15d53 -29,0.000892222698275362,[0.92 +/- 1.79e-3],eba58af -1c 2a5d660d -27,[0.940283520991215482354164123535 +/- 1.57e-31],785b35ddd -23 0 0,0.940283520991216,0.155716604,12.967101908,0.863798333,10.871837143,37,8,0.192286707,100
[-0.94955 +/- 4.51e-6],-f315f45e1a0cff65fd8adab9f -64 192a7373 -31,[0.974776875006705618975644256352 +/- 4.29e-31],f98afa2f0d067fb2fec56d5cf -64 0 0,true,true,true,[0.999 +/- 1.11e-4],1ff7bd5f -1d 1aa92001 -2a,0.999093368649711,[+/- 5.35e-4],23092ced -29 23092ced -29,0.000534604519089044,[0.92 +/- 1.89e-3],75d5754f -1f 2afde90d -27,[0.953777919494314119219779968262 +/- 2.82e-31],7a156515f -23 0 0,0.953777919494315,0.230608194,6.975914739,0.845236685,7.19465289,41,8,0.236602965,100
[-0.94917 +/- 2.01e-6],-797e718a8dd08adc5d6388659 -63 192a7373 -31,[0.974585625006343087850524398163 +/- 3.13e-31],f97e718a8dd08adc5d6388659 -64 0 0,true,true,true,[0.999 +/- 2.67e-4],7fd9c995 -1f 1a449801 -2a,0.998934049159516,[+/- 4.85e-4],fe3d13d -28 fe3d13d -28,0.000484921614770429,[0.92 +/- 1.83e-3],3aea435d -1e 29f9f60d -27,[0.955981592705938965082168579102 +/- 4.38e-31],3d2ecd6b1 -22 0 0,0.955981592705939,0.158467673,6.210271461,0.82435236,7.162351773,36,8,0.175488824,100
[-0.94917 +/- 1.00e-6],-797e64f554174adc5d6388659 -63 192a7373 -31,[0.974584875006340540526394988774 +/- 2.59e-31],f97e64f554174adc5d6388659 -64 0 0,true,true,true,[0.999 +/- 2.67e-4],1ff6715d -1d 1a443001 -2a,0.998933550901939,[+/- 5.06e-4],2123fbd9 -29 2123fbd9 -29,0.000505684839481547,[0.92 +/- 1.84e-3],3aea4229 -1e 2a075e0d -27,[0.955049098178278654813766479492 +/- 1.88e-31],3d1f8640b -22 0 0,0.955049098178279,0.179432708,6.94591664,0.847714515,7.339653664,42,8,0.2045755,100
[-0.94917 +/- 5.50e-6],-797e3f35a6ecce0902de00d1b -63 192a7373 -31,[0.974582625006337383499754878357 +/- 2.86e-31],f97e3f35a6ecce0902de00d1b -64 0 0,true,true,true,[0.999 +/- 2.26e-4],7fdb20bb -1f 1a441801 -2a,0.99897494819038,[+/- 7.57e-4],d1e4c5a37512d58c0c9bb7829 -6f 175688ab -28,0.000756450317050772,[0.92 +/- 1.84e-3],75d379bd -1f 2b30970d -27,0.945020901039242744445800781250,1e3d9c79 -1d 0 0,0.945020901039243,0.257502203,7.415988138,0.930839322,9.603683451,46,8,0.149427844,100
[-0.94916 +/- 4.51e-6],-797e32a06d338e0902de00d1b -63 192a7373 -31,[0.974581875006334836175625468968 +/- 2.86e-31],f97e32a06d338e0902de00d1b -64 0 0,true,true,true,[0.999 +/- 2.71e-4],3fecd44f -1e 1a42b001 -2a,0.998930091038574,[+/- 6.12e-4],14064ee1 -28 14064ee1 -28,0.000611103549090331,[0.92 +/- 1.84e-3],75d486d9 -1f 2a1a4b0d -27,[0.950585423241136595606803894043 +/- 3.13e-32],79acc87c7 -23 0 0,0.950585423241137,0.20672498,7.923105134,0.928330573,7.580700078,48,8,0.211988988,100
[-0.29161 +/- 5.50e-6],-954d9c6ba47d4999999999999 -65 3686a4cf -30,1.00000000000000000000000000000,1 0 0 0,true,true,true,[1.2456 +/- 4.24e-5],13ee0c1d -1c 1a8b8001 -2c,1.2456423360855,[+/- 2.14e-5],d8188e9aec6dc0e648d07d73f -74 23b6e1f1 -2e,2.13952938527611e-5,[0.981 +/- 3.94e-4],7d9c9867 -1f 1b24f00b -2b,[0.989675086253555491566658020020 +/- 4.69e-31],7eadac589 -23 0 0,0.989675086253556,0.018321685,1.629822035,0.389908956,1.406484925,5,2,0.55278352,100
[-0.29160 +/- 4.51e-6],-954cc25111454999999999999 -65 3686a4cf -30,1.00000000000000000000000000000,1 0 0 0,true,true,true,[1.2456 +/- 4.68e-5],13ee10b5 -1c 1a8b8001 -2c,1.24564671702689,[+/- 2.14e-5],d812da2c68b821a97261c9f -6c 11dc08d3 -2d,2.13950704776134e-5,[0.981 +/- 3.93e-4],3ece4aeb -1e 1b25400b -2b,[0.989675122000335250049829483032 +/- 2.27e-31],1fab6b2955 -25 0 0,0.989675122000336,0.018140685,1.712987042,0.115454173,1.399544051,5,2,0.006197942,100
[-0.29157 +/- 4.50e-6],-4aa43fe618a50b33333333333 -64 3686a4cf -30,1.00000000000000000000000000000,1 0 0 0,true,true,true,[1.2456 +/- 6.87e-5],4fb89eb3 -1e 1a8c4001 -2c,1.24566862359649,[+/- 2.14e-5],35fda0380275e8523c621dfdb -72 23be09a9 -2e,2.13940288774895e-5,[0.9813 +/- 9.14e-5],fb3911d -1c 1b24e00b -2b,[0.989675282544340007007122039795 +/- 7.82e-32],fd5b5bfc3 -24 0 0,0.98967528254434,0.023505824,1.15343148,0.117252999,1.498126533,5,2,0.006301362,100
[-0.29156 +/- 5.51e-6],-4aa3d2d8cf090b33333333333 -64 3686a4cf -30,1.00000000000000000000000000000,1 0 0 0,true,true,true,[1.2456 +/- 7.38e-5],27dc5a0f -1d 1a8d0001 -2c,1.24567373283214,[+/- 2.14e-5],db0ee232c8e5000f61e547737 -74 8bbf0dd -2c,2.13864114001608e-5,[0.9813 +/- 9.11e-5],7d9c8655 -1f 1b24f00b -2b,[0.989677099627442657947540283203 +/- 1.25e-31],1fab6f4f1 -21 0 0,0.989677099627443,0.018212895,0.12579664,0.11465938,0.750919378,5,2,0.006055783,100
[-0.29156 +/- 7.50e-6],-9546cb970ae5affffffffffff -65 3686a4d -2c,1.00000000000000000000000000000,1 0 0 0,true,true,true,[1.2457 +/- 7.26e-5],9f718d -17 1a8d0001 -2c,1.24567811563617,[+/- 2.14e-5],db09e6a153f7ddb3767b526cd -74 22f0be41 -2e,2.13861636855768e-5,[0.9813 +/- 9.08e-5],7d9c83c1 -1f 1b25100b -2b,[0.989677141253196168690919876099 +/- 3.68e-31],1fab6f6569 -25 0 0,0.989677141253197,0.017962284,0.114838681,0.116790749,1.136386787,5,2,0.006260582,100
[-0.29155 +/- 4.00e-6],-9545f17c77a9affffffffffff -65 3686a4d -2c,1.00000000000000000000000000000,1 0 0 0,true,true,true,[1.2457 +/- 6.82e-5],27dc6c7 -19 1a8d0001 -2c,1.24568249657756,[+/- 2.14e-5],db04eb0c137bbd70fb924827d -74 22f1b91 -2a,2.13859159859315e-5,[0.9813 +/- 9.05e-5],3ece4097 -1e 1b24a00b -2b,[0.989677182886225637048482894897 +/- 4.61e-31],1fab6f7bc3 -25 0 0,0.989677182886226,0.017870904,0.115547553,0.1450858,1.014722842,5,2,0.0056307,100
[-0.29154 +/- 6.01e-6],-95451761e47d4999999999999 -65 3686a4cf -30,1.00000000000000000000000000000,1 0 0 0,true,true,true,[1.2457 +/- 6.38e-5],27dc75a1 -1d 1a8d0001 -2c,1.2456868793816,[+/- 2.14e-5],36bffdc9958f9c4aadd207bb9 -72 11795af7 -2d,2.13856827654159e-5,[0.9813 +/- 9.02e-5],7d9c7e97 -1f 1b24f00b -2b,[0.989677221012243535369634628296 +/- 1.02e-31],1fab6f903b -25 0 0,0.989677221012244,0.018358526,0.11464327,0.115794295,0.742748269,5,2,0.005774931,100
[-0.29154 +/- 7.00e-6],-95443d4751454999999999999 -65 3686a4cf -30,1.00000000000000000000000000000,1 0 0 0,true,true,true,[1.2457 +/- 6.02e-5],4fb8fa93 -1e 1a8dc001 -2c,1.24569053389138,[+/- 2.14e-5],35f693598ebb020e28ae9084b -72 23c3f919 -2e,2.13929904839112e-5,[0.9813 +/- 8.98e-5],7d9c7bff -1f 1b24f00b -2b,[0.989675442317093256860971450806 +/- 3.36e-31],1fab6bd54d -25 0 0,0.989675442317094,0.017925475,1.494177189,0.117618521,0.770828959,5,2,0.005455389,100
[-0.29153 +/- 3.50e-6],-9543632cbe16e333333333333 -65 3686a4cf -30,1.00000000000000000000000000000,1 0 0 0,true,true,true,[1.2457 +/- 5.44e-5],27dc8979 -1d 1a8d8001 -2c,1.2456963434816,[+/- 2.14e-5],de51db2d4e5d73479ffeaf157 -74 2215e4d9 -2e,2.13779117690156e-5,[0.9813 +/- 8.95e-5],fb38f2d -1c 1b24c00b -2b,[0.989679057478497270494699478149 +/- 4.15e-31],1fab736a2d -25 0 0,0.989679057478498,0.018059065,0.113597616,0.120594682,1.261533446,5,2,0.00542016,100
[-0.29152 +/- 6.51e-6],-954289122adee333333333333 -65 3686a4cf -30,1.00000000000000000000000000000,1 0 0 0,true,true,true,[1.2457 +/- 5.14e-5],4fb91f53 -1e 1a8dc001 -2c,1.24569929577416,[+/- 2.14e-5],6be77eecc34a8ec4fa569fd19 -73 23c65b1 -2a,2.13925760360415e-5,[0.9813 +/- 8.92e-5],7d9c76d7 -1f 1b24700b -2b,[0.989675506010826211422681808472 +/- 3.21e-31],1fab6bf77f -25 0 0,0.989675506010827,0.018270495,1.822828496,0.125637739,0.89378444,5,2,0.00549285,100
[-0.29152 +/- 6.50e-6],-25506bbde5ec9f33333333333 -63 3686a4d -2c,1.00000000000000000000000000000,1 0 0 0,true,true,true,[1.2457 +/- 4.70e-5],4fb931b5 -1e 1a8dc001 -2c,1.2457036785782,[+/- 2.14e-5],d7c95f5ceb3b55008b8370ab9 -74 11e3c4e5 -2d,2.13923690527867e-5,[0.9813 +/- 8.89e-5],7d9c743f -1f 1b24d00b -2b,[0.989675537806760985404253005981 +/- 4.46e-31],1fab6c0891 -25 0 0,0.989675537806761,0.018149335,1.650519639,0.117447001,1.016076117,5,2,0.0055667,100
[-0.29151 +/- 3.51e-6],-25503537411d9f33333333333 -63 3686a4d -2c,1.00000000000000000000000000000,1 0 0 0,true,true,true,[1.2457 +/- 4.26e-5],4fb94415 -1e 1a8e4001 -2c,1.24570806138224,[+/- 2.14e-5],d7c3c96bd53e7ea3d77b0c7e9 -74 8f22e9b -2c,2.13921767760645e-5,[0.9813 +/- 8.86e-5],1f671c6b -1d 1b24c00b -2b,[0.989675566037476528435945510864 +/- 2.58e-31],1fab6c17b9 -25 0 0,0.989675566037477,0.017977304,1.741194324,0.14537402,0.784306708,5,2,0.00558583,100
[-0.29150 +/- 7.01e-6],-4a9ffd6138a50b33333333333 -64 3686a4cf -30,1.00000000000000000000000000000,1 0 0 0,true,true,true,[1.2457 +/- 3.83e-5],4fb95675 -1e 1a8e4001 -2c,1.24571244232363,[+/- 2.14e-5],1af7c48871defbd2d7721ff81 -71 11e4f371 -2d,2.13919554836596e-5,[0.9813 +/- 8.83e-5],7d9c6f1b -1f 1b24f00b -2b,[0.989675601289491169154644012451 +/- 1.72e-31],fd5b61553 -24 0 0,0.989675601289492,0.024560767,1.607443165,0.153455979,0.927554651,5,2,0.005784371,100
[-0.29150 +/- 6.00e-6],-4a9f9053ef090b33333333333 -64 3686a4cf -30,1.00000000000000000000000000000,1 0 0 0,true,true,true,[1.2457 +/- 3.31e-5],27dcb5f7 -1d 1a8e8001 -2c,1.24571756273514,[+/- 2.14e-5],dadd12ccb582be446d3bcb7d5 -74 22f9932f -2e,2.13839516927871e-5,[0.9813 +/- 8.80e-5],7d9c6c85 -1f 1b25100b -2b,[0.989677511679474264383316040039 +/- 6.25e-32],3f56e0589 -22 0 0,0.989677511679475,0.024619098,0.129378483,0.115639614,1.263765384,5,2,0.006065722,100
[-0.29149 +/- 4.01e-6],-953e468d4ae5affffffffffff -65 3686a4d -2c,1.00000000000000000000000000000,1 0 0 0,true,true,true,[1.2457 +/- 2.95e-5],9f72f67 -1b 1a8e8001 -2c,1.2457212079317,[+/- 2.14e-5],d7b2fb82457932ba7b90fbf7 -70 8f30fe3 -2c,2.13915424832272e-5,[0.9813 +/- 8.77e-5],3ece34f7 -1e 1b24a00b -2b,[0.989675664626702200621366500854 +/- 4.93e-31],1fab6c4ca7 -25 0 0,0.989675664626703,0.018229326,1.633403577,0.116727498,0.757530162,5,2,0.00558694,100
[-0.29148 +/- 7.51e-6],-953d6c72b7a9affffffffffff -65 3686a4d -2c,1.00000000000000000000000000000,1 0 0 0,true,true,true,[1.2457 +/- 2.71e-5],9f73275 -1b 1a8f0001 -2c,1.24572703614837,[+/- 2.14e-5],6f198d20e37dbf8450db6ea05 -73 221b734d -2e,2.13759262442796e-5,[0.9813 +/- 8.74e-5],7d9c6759 -1f 1b24700b -2b,[0.989679409642121754586696624756 +/- 1.41e-31],fd5ba139f -24 0 0,0.989679409642122,0.018114805,0.111609859,0.116636558,1.035376196,5,2,0.005370939,100
[-0.29148 +/- 5.50e-6],-953c9258247d4999999999999 -65 3686a4cf -30,1.00000000000000000000000000000,1 0 0 0,true,true,true,[1.2457 +/- 3.08e-5],4fb9a313 -1e 1a8f4001 -2c,1.2457307130099,[+/- 2.14e-5],dace1cdb358aed911284e08ed -74 8bf2145 -2c,2.13832110319216e-5,[0.9813 +/- 8.71e-5],7d9c64c5 -1f 1b24900b -2b,[0.989677635974658187478780746460 +/- 3.91e-32],1fab706f03 -25 0 0,0.989677635974659,0.017959544,0.115608444,0.116644818,0.738066092,5,2,0.005887572,100
[-0.29147 +/- 4.51e-6],-953bb83d91454999999999999 -65 3686a4cf -30,1.00000000000000000000000000000,1 0 0 0,true,true,true,[1.2457 +/- 3.59e-5],27dcdc37 -1d 1a8f0001 -2c,1.24573580361909,[+/- 2.14e-5],6f15216bb85739931638b9931 -73 221d082b -2e,2.13753405782319e-5,[0.9813 +/- 8.68e-5],7d9c6231 -1f 1b24d00b -2b,[0.989679514714225661009550094604 +/- 4.93e-31],1fab745fa7 -25 0 0,0.989679514714226,0.018004315,0.385264059,0.117559351,0.742425427,5,2,0.005387789,100
[-0.29146 +/- 8.01e-6],-953ade22fe16e333333333333 -65 3686a4cf -30,1.00000000000000000000000000000,1 0 0 0,true,true,true,[1.2457 +/- 3.88e-5],13ee712f -1c 1a8f0001 -2c,1.2457387372852,[+/- 2.14e-5],35e7238fd7993ea42349c78c7 -72 23d0fc2f -2e,2.13907323831419e-5,[0.9813 +/- 8.65e-5],7d9c5f99 -1f 1b25100b -2b,[0.989675787488522473722696304321 +/- 2.90e-31],1fab6c8e9d -25 0 0,0.989675787488523,0.017813234,1.57271614,0.124826007,0.768361341,5,2,0.00550457,100
[-0.29146 +/- 5.00e-6],-953a04086adee333333333333 -65 3686a4cf -30,1.00000000000000000000000000000,1 0 0 0,true,true,true,[1.2457 +/- 4.32e-5],13ee75c7 -1c 1a8f8001 -2c,1.24574312008924,[+/- 2.14e-5],1af2dab9f4104021207da773f -71 23d22dbd -2e,2.13905120873896e-5,[0.9813 +/- 8.62e-5],7d9c5d05 -1f 1b24900b -2b,[0.989675822485878597944974899292 +/- 7.83e-33],1fab6ca167 -25 0 0,0.989675822485879,0.018268436,1.506687624,0.116318136,0.736462757,5,2,0.005440169,100
[-0.29141 +/- 6.01e-6],-95340d4e647d4999999999999 -65 3686a4cf -30,1.00000000000000000000000000000,1 0 0 0,true,true,true,[1.2457 +/- 7.53e-5],4fba5df -1a 1a908001 -2c,1.24577526934451,[+/- 2.14e-5],6f0147f18ca6e3ec8bff55d41 -73 11121b71 -2d,2.13727866306316e-5,[0.9813 +/- 8.40e-5],7d9c4af5 -1f 1b24f00b -2b,[0.989679967795382253825664520264 +/- 3.29e-31],fd5baa973 -24 0 0,0.989679967795383,0.018093525,0.113504396,0.115492983,1.173914123,5,2,0.005379419,100
[-0.29141 +/- 7.00e-6],-95333333d1454999999999999 -65 3686a4cf -30,1.00000000000000000000000000000,1 0 0 0,true,true,true,[1.2458 +/- 7.18e-5],27dd36a9 -1d 1a910001 -2c,1.24577893875545,[+/- 2.14e-5],6d4b9aa1264024d4ad850f8df -73 2307562d -2e,2.13805014592298e-5,[0.9813 +/- 8.37e-5],7d9c4861 -1f 1b24f00b -2b,[0.989678090198140125721693038940 +/- 4.30e-31],1fab7162df -25 0 0,0.989678090198141,0.018027824,0.113219306,0.114872911,1.01109008,5,2,0.00559227,100
[-0.29139 +/- 6.50e-6],-254c293905ec9f33333333333 -63 3686a4d -2c,1.00000000000000000000000000000,1 0 0 0,true,true,true,[1.2458 +/- 5.86e-5],4fbaa47d -1e 1a914001 -2c,1.2457920927555,[+/- 2.14e-5],da8837ef3c03c2bed537c0455 -74 230a4ae9 -2e,2.13797644165739e-5,[0.9813 +/- 8.28e-5],1f671029 -1d 1b24a00b -2b,[0.989678213605657219886779785156 +/- 2.50e-31],fd5b8d29 -20 0 0,0.989678213605658,0.018910588,0.113765187,0.138871237,0.744091604,5,2,0.005433539,100
[-0.29138 +/- 3.51e-6],-254bf2b2611d9f33333333333 -63 3686a4d -2c,1.00000000000000000000000000000,1 0 0 0,true,true,true,[1.2458 +/- 5.50e-5],4fbab3b3 -1e 1a91c001 -2c,1.24579572118825,[+/- 2.14e-5],6ba9be84ca0c5c0e8cddd5b49 -73 23e06003 -2e,2.13880531048663e-5,[0.9813 +/- 8.25e-5],3ece1f07 -1e 1b25200b -2b,[0.989676197954395320266485214233 +/- 3.99e-31],1fab6d6afb -25 0 0,0.989676197954396,0.018143085,1.371088758,0.115949496,0.739176916,5,2,0.00549674,100
[-0.29137 +/- 7.01e-6],-4a97785778a50b33333333333 -64 3686a4cf -30,1.00000000000000000000000000000,1 0 0 0,true,true,true,[1.2458 +/- 4.91e-5],4fbacc4d -1e 1a91c001 -2c,1.24580158665782,[+/- 2.14e-5],dde7f34d98660f681fb7822cb -74 222903db -2e,2.13710615980578e-5,[0.9813 +/- 8.22e-5],3ece1dbd -1e 1b24400b -2b,[0.989680275291902944445610046387 +/- 2.82e-31],7eadd7dff -23 0 0,0.989680275291903,0.017995535,0.111607769,0.116151326,1.037532664,5,2,0.005459929,100
[-0.29137 +/- 6.00e-6],-4a970b4a2f090b33333333333 -64 3686a4cf -30,1.00000000000000000000000000000,1 0 0 0,true,true,true,[1.2458 +/- 4.62e-5],4fbad877 -1e 1a91c001 -2c,1.24580448679632,[+/- 2.14e-5],d7485bf65e8b1f0ce523d7a6f -74 23e2bc1d -2e,2.13876595948979e-5,[0.9813 +/- 8.18e-5],3ece1c73 -1e 1b24c00b -2b,[0.989676256605889648199081420898 +/- 4.38e-31],3f56db14f -22 0 0,0.98967625660589,0.017936064,0.773235768,0.115942415,1.281714228,5,2,0.00535048,100
[-0.29136 +/- 4.01e-6],-952d3c79cae5affffffffffff -65 3686a4d -2c,1.00000000000000000000000000000,1 0 0 0,true,true,true,[1.2458 +/- 4.11e-5],27dd7705 -1d 1a920001 -2c,1.24580963142222,[+/- 2.14e-5],da743022a3547c2e29cd1dbf7 -74 230e3b0f -2e,2.13787683330154e-5,[0.9813 +/- 8.15e-5],3ece1b2b -1e 1b25200b -2b,[0.989678381411067675799131393433 +/- 3.83e-31],1fab71ff37 -25 0 0,0.989678381411068,0.017980815,0.114363129,0.116395717,0.780423554,5,2,0.005808011,100
[-0.29135 +/- 7.51e-6],-952c625f37a9affffffffffff -65 3686a4d -2c,1.00000000000000000000000000000,1 0 0 0,true,true,true,[1.2458 +/- 3.60e-5],13eec0df -1c 1a928001 -2c,1.2458147462458,[+/- 2.86e-5],23484e015bb1bc4267f11fe0b -71 31271d27 -2e,2.85429165631451e-5,[0.9813 +/- 8.12e-5],7d9c33bd -1f 1b25100b -2b,[0.988073680287925526499748229980 +/- 4.69e-31],7e7932c77 -23 0 0,0.988073680287926,0.017983364,0.11432089,0.374045559,0.741950646,5,2,0.005378229,100
[-0.29067 +/- 5.01e-6],-2534bb5e35ec9f33333333333 -63 3686a4d -2c,1.00000000000000000000000000000,1 0 0 0,true,true,true,[1.2462 +/- 7.50e-5],4fc28d49 -1e 1aa44001 -2c,1.24627491272992,[+/- 3.39e-5],141889bd673dfe69388180395 -70 3dc4c465 -2e,3.38916847029674e-5,[0.9813 +/- 5.46e-5],1f66c977 -1d 1b24c00b -2b,[0.987001776491524651646614074707 +/- 3.13e-32],7e5612ff9 -23 0 0,0.987001776491525,0.024546438,0.182759704,0.115365143,0.992611903,5,2,0.00560026,100
[-0.29067 +/- 8.00e-6],-253484d7911d9f33333333333 -63 3686a4d -2c,1.00000000000000000000000000000,1 0 0 0,true,true,true,[1.2463 +/- 7.07e-5],13f0a8d1 -1c 1aa48001 -2c,1.24628015421337,[+/- 4.16e-5],613803942d5da59938321a227 -72 268d4511 -2d,4.15617167586961e-5,[0.9813 +/- 5.49e-5],3ecd91a7 -1e 1b24c00b -2b,[0.985605883077369071543216705322 +/- 2.66e-31],fc50aaca9 -24 0 0,0.98560588307737,0.021392187,0.185932455,0.144464617,0.767595879,5,2,0.0054357,100
[-0.28997 +/- 3.50e-6],-9476ea42be16e333333333333 -65 3686a4cf -30,1.00000000000000000000000000000,1 0 0 0,true,true,true,[1.2467 +/- 5.00e-5],4fca5545 -1e 1ab6c001 -2c,1.24674990773207,[+/- 3.39e-5],4fcd4758ef6dd5385d690da43 -72 1f106ee3 -2d,3.38388094709113e-5,[0.9813 +/- 8.75e-5],1f668483 -1d 1b23a00b -2b,[0.987009445030707865953445434570 +/- 3.13e-31],3f2b29a9d -22 0 0,0.987009445030708,0.021532537,0.442585354,0.116686709,0.769371674,5,2,0.006306662,100
[-0.28996 +/- 6.51e-6],-947610282adee333333333333 -65 3686a4cf -30,1.00000000000000000000000000000,1 0 0 0,true,true,true,[1.2467 +/- 5.33e-5],27e531b5 -1d 1ab70001 -2c,1.24675328098244,[+/- 2.86e-5],21d585fb90264e01f66f1216b -71 33f75091 -2e,2.85230217986932e-5,[0.9813 +/- 8.78e-5],7d9a0f83 -1f 1b23500b -2b,[0.988073347471072338521480560303 +/- 2.66e-31],fcf25ff97 -24 0 0,0.988073347471073,0.021116706,0.124247345,0.115139252,0.980789481,5,2,0.005549849,100
[-0.28990 +/- 8.01e-6],-946e6538fe16e333333333333 -65 3686a4cf -30,1.00000000000000000000000000000,1 0 0 0,true,true,true,[1.2468 +/- 5.81e-5],4fcb098d -1e 1ab84001 -2c,1.24679289571947,[+/- 2.86e-5],439d68ff4f251dbad64cec8f1 -72 d002817 -2c,2.85189939192657e-5,[0.9813 +/- 9.05e-5],7d99f897 -1f 1b23d00b -2b,[0.988074000153574161231517791748 +/- 4.69e-32],fcf26aecb -24 0 0,0.988074000153575,0.021281206,0.124734917,0.117142009,0.762050068,5,2,0.00551333,100
[-0.28990 +/- 5.00e-6],-946d8b1e6adee333333333333 -65 3686a4cf -30,1.00000000000000000000000000000,1 0 0 0,true,true,true,[1.2468 +/- 5.37e-5],4fcb1c01 -1e 1ab84001 -2c,1.24679729528731,[+/- 2.86e-5],439be564e9a944ae02dd7797d -72 1a00d4a3 -2d,2.85185475791073e-5,[0.9813 +/- 9.08e-5],3eccfb07 -1e 1b24000b -2b,[0.988074072447489015758037567139 +/- 3.29e-31],fcf26c233 -24 0 0,0.988074072447489,0.286459676,0.127797987,0.138279036,0.746783463,5,2,0.005436569,100
[-0.28980 +/- 4.01e-6],-9460c38fcae5affffffffffff -65 3686a4d -2c,1.00000000000000000000000000000,1 0 0 0,true,true,true,[1.2468 +/- 6.44e-5],27e61ab5 -1d 1abb0001 -2c,1.24686439894146,[+/- 2.85e-5],447779a6c600cb887688c68e5 -72 32d46395 -2e,2.84424649489303e-5,[0.981 +/- 3.09e-4],7d99cfeb -1f 1b23f00b -2b,[0.988089670718181878328323364258 +/- 1.88e-31],3f3cdc755 -22 0 0,0.988089670718182,0.017977365,0.115180482,0.133157087,0.974587238,5,2,0.005790441,100
[-0.28979 +/- 7.51e-6],-945fe97537a9affffffffffff -65 3686a4d -2c,1.00000000000000000000000000000,1 0 0 0,true,true,true,[1.2468 +/- 6.78e-5],13f310db -1c 1abb0001 -2c,1.24686773866421,[+/- 2.14e-5],1a36e588c18e7d20f1d23200f -71 25162e3b -2e,2.13421637413399e-5,[0.981 +/- 3.08e-4],1f667357 -1d 1b24200b -2b,[0.989682842919137328863143920898 +/- 4.38e-31],3f56f6b4f -22 0 0,0.989682842919138,0.017877394,0.118649485,0.16206972,0.98879688,5,2,0.00543748,100
[-0.28935 +/- 7.50e-6],-9425204b8ae5affffffffffff -65 3686a4d -2c,1.00000000000000000000000000000,1 0 0 0,true,true,true,[1.2471 +/- 7.30e-5],4fd14341 -1e 1ac74001 -2c,1.2471729200334,[+/- 2.14e-5],d4899ceac7e11c654f73a7b37 -74 243ad85f -2e,2.13060979162833e-5,[0.9812 +/- 8.71e-5],7d991e61 -1f 1b23f00b -2b,[0.989690302551025524735450744629 +/- 9.38e-32],7eae2bfd5 -23 0 0,0.989690302551026,0.018709667,0.117896262,0.115871035,0.739664038,5,2,0.00565214,100
[-0.28934 +/- 4.00e-6],-94244630f7a9affffffffffff -65 3686a4d -2c,1.00000000000000000000000000000,1 0 0 0,true,true,true,[1.2472 +/- 7.38e-5],13f4557 -18 1ac78001 -2c,1.24717733077711,[+/- 2.14e-5],d484d1665e3522179801248f3 -74 121de6e3 -2d,2.13058742643853e-5,[0.9812 +/- 8.68e-5],3ecc8df -1a 1b24000b -2b,[0.989690338443324435502290725708 +/- 7.82e-33],1fab8b1299 -25 0 0,0.989690338443325,0.018401516,0.112566152,0.134696013,0.999279027,5,2,0.005791221,100
[-0.28928 +/- 4.01e-6],-941c9b41cae5affffffffffff -65 3686a4d -2c,1.00000000000000000000000000000,1 0 0 0,true,true,true,[1.2472 +/- 3.41e-5],4fd1fc39 -1e 1ac8c001 -2c,1.24721702560789,[+/- 2.14e-5],6a2cd2d7ddef304b389b24821 -73 2444708f -2e,2.13038655791347e-5,[0.9812 +/- 8.41e-5],7d99051d -1f 1b23d00b -2b,[0.989690660368069075047969818115 +/- 2.35e-31],fd5c5dfb7 -24 0 0,0.98969066036807,0.018025105,0.114920301,0.11725917,0.76553523,5,2,0.00555127,100
[-0.28927 +/- 7.51e-6],-941bc12737a9affffffffffff -65 3686a4d -2c,1.00000000000000000000000000000,1 0 0 0,true,true,true,[1.2472 +/- 3.09e-5],4fd209cd -1e 1ac94001 -2c,1.2472202647478,[+/- 2.14e-5],d0584909f73af77793008ad91 -74 12afc261 -2d,2.13287676798961e-5,[0.9812 +/- 8.38e-5],1f6640a5 -1d 1b24000b -2b,[0.989684623447828926146030426025 +/- 3.91e-31],fd5bf8b31 -24 0 0,0.989684623447829,0.018755118,0.834444837,0.117062899,1.277275872,5,2,0.27927513,100
[-0.28924 +/- 5.01e-6],-2505dfa895ec9f33333333333 -63 3686a4d -2c,1.00000000000000000000000000000,1 0 0 0,true,true,true,[1.2472 +/- 4.35e-5],27e9359d -1d 1aca0001 -2c,1.2472434956581,[+/- 2.14e-5],d43cda17d2da8037c86f17155 -74 244a344d -2e,2.13025298727973e-5,[0.9812 +/- 8.23e-5],7d98f5f1 -1f 1b23d00b -2b,[0.989690874186635483056306838989 +/- 2.58e-31],1fab8c3239 -25 0 0,0.989690874186636,0.018499747,0.11468392,0.1144251,0.742762888,5,2,0.006156502,100
[-0.28924 +/- 8.00e-6],-2505a921f11d9f33333333333 -63 3686a4d -2c,1.00000000000000000000000000000,1 0 0 0,true,true,true,[1.2472 +/- 4.80e-5],27e93edd -1d 1aca0001 -2c,1.24724790640182,[+/- 2.14e-5],d4380540a8a0a0a9b2d8e8ff5 -74 489650d -2b,2.13022930234484e-5,[0.9812 +/- 8.20e-5],3ecc79b3 -1e 1b24400b -2b,[0.989690913251251913607120513916 +/- 1.57e-32],fd5c62399 -24 0 0,0.989690913251252,0.01963419,0.114218279,0.137041701,1.043130474,5,2,0.00556639,100
[-0.28923 +/- 4.50e-6],-4a0ae53698a50b33333333333 -64 3686a4cf -30,1.00000000000000000000000000000,1 0 0 0,true,true,true,[1.2472 +/- 5.12e-5],27e945a1 -1d 1aca0001 -2c,1.24725113250321,[+/- 2.14e-5],68192df29efe6d7afdaf90157 -73 2567c915 -2e,2.13276364080249e-5,[0.9812 +/- 8.17e-5],1f663c39 -1d 1b24000b -2b,[0.989684769374434836208820343018 +/- 4.22e-31],fd5bfb25d -24 0 0,0.989684769374435,0.018170124,0.864229935,0.116720677,1.337470998,5,2,0.00542437,100
[-0.28922 +/- 5.51e-6],-4a0a78294f090b33333333333 -64 3686a4cf -30,1.00000000000000000000000000000,1 0 0 0,true,true,true,[1.2472 +/- 5.68e-5],4fd2a2bb -1e 1acac001 -2c,1.24725673161453,[+/- 2.14e-5],d42e6b464538c618b1e393175 -74 244d14b7 -2e,2.13018485136388e-5,[0.9812 +/- 8.14e-5],7d98ee5b -1f 1b24500b -2b,[0.989690984344633761793375015259 +/- 2.11e-31],1fab8c6d5d -25 0 0,0.989690984344634,0.019695391,0.11487789,0.123205621,1.132010113,5,2,0.005982022,100
